{"stats":{"minecraft:picked_up":{"minecraft:acacia_planks":64,"minecraft:andesite":1,"minecraft:torch":31,"minecraft:wooden_pickaxe":2,"minecraft:granite":1,"minecraft:dirt":5,"minecraft:cobblestone":18},"minecraft:used":{"minecraft:torch":5,"minecraft:dirt":4,"minecraft:cobblestone":4,"minecraft:wooden_pickaxe":1},"minecraft:crafted":{"minecraft:stone_axe":2,"minecraft:stick":16,"minecraft:stone_pickaxe":2},"minecraft:custom":{"minecraft:time_since_rest":12018,"minecraft:play_time":12018,"minecraft:sprint_one_cm":9083,"minecraft:walk_one_cm":11686,"minecraft:drop":3,"minecraft:jump":78,"minecraft:damage_dealt":9,"minecraft:leave_game":1,"minecraft:time_since_death":12018,"minecraft:total_world_time":12018,"minecraft:interact_with_crafting_table":2,"minecraft:fall_one_cm":1256,"minecraft:fly_one_cm":9648},"minecraft:mined":{"minecraft:grass":1,"minecraft:dirt":1,"minecraft:wall_torch":1},"minecraft:dropped":{"minecraft:stone_axe":1,"minecraft:stone_pickaxe":1,"minecraft:wooden_pickaxe":1}},"DataVersion":3465}