{"stats":{"minecraft:picked_up":{"minecraft:acacia_planks":64,"minecraft:andesite":1,"minecraft:torch":32,"minecraft:wooden_pickaxe":2,"minecraft:granite":1,"minecraft:dirt":5,"minecraft:cobblestone":37},"minecraft:used":{"minecraft:torch":7,"minecraft:dirt":4,"minecraft:cobblestone":4,"minecraft:stone_pickaxe":15,"minecraft:chest":2,"minecraft:wooden_pickaxe":2},"minecraft:crafted":{"minecraft:chest":2,"minecraft:stone_axe":2,"minecraft:stick":16,"minecraft:stone_pickaxe":2},"minecraft:custom":{"minecraft:open_chest":1,"minecraft:time_since_rest":13292,"minecraft:play_time":13292,"minecraft:sprint_one_cm":9945,"minecraft:walk_one_cm":13746,"minecraft:drop":6,"minecraft:jump":95,"minecraft:damage_dealt":9,"minecraft:leave_game":2,"minecraft:time_since_death":13292,"minecraft:total_world_time":13292,"minecraft:interact_with_crafting_table":3,"minecraft:fall_one_cm":1256,"minecraft:fly_one_cm":9906},"minecraft:mined":{"minecraft:grass":1,"minecraft:dirt":1,"minecraft:stone":15,"minecraft:wall_torch":2},"minecraft:dropped":{"minecraft:dirt":1,"minecraft:stone_axe":1,"minecraft:granite":1,"minecraft:wooden_pickaxe":1,"minecraft:stone_pickaxe":1,"minecraft:andesite":1}},"DataVersion":3465}