{"stats":{"minecraft:killed":{"minecraft:sheep":3,"minecraft:zombie":1,"minecraft:pig":4,"minecraft:chicken":1,"minecraft:spider":1},"minecraft:custom":{"minecraft:time_since_rest":72527,"minecraft:interact_with_furnace":3,"minecraft:sprint_one_cm":35444,"minecraft:damage_taken":145,"minecraft:walk_one_cm":123944,"minecraft:mob_kills":10,"minecraft:drop":7,"minecraft:damage_dealt":1087,"minecraft:interact_with_crafting_table":11,"minecraft:open_chest":5,"minecraft:fly_one_cm":47803,"minecraft:talked_to_villager":2,"minecraft:crouch_one_cm":1060,"minecraft:play_time":72527,"minecraft:sneak_time":181,"minecraft:jump":291,"minecraft:leave_game":7,"minecraft:time_since_death":72527,"minecraft:walk_on_water_one_cm":414,"minecraft:total_world_time":72527,"minecraft:fall_one_cm":4000},"minecraft:used":{"minecraft:wooden_axe":71,"minecraft:stone_pickaxe":231,"minecraft:wooden_pickaxe":9,"minecraft:torch":9,"onlyhammersandexcavators:stone_hammer":1600,"minecraft:stone_axe":171,"minecraft:dirt":3,"minecraft:cobblestone":8,"minecraft:crafting_table":2,"minecraft:furnace":4},"minecraft:mined":{"minecraft:acacia_leaves":1,"minecraft:iron_ore":8,"minecraft:andesite":31,"minecraft:granite":36,"minecraft:grass":35,"minecraft:acacia_log":172,"minecraft:grass_block":10,"minecraft:coal_ore":35,"minecraft:dirt":48,"minecraft:tall_grass":5,"minecraft:copper_ore":2,"minecraft:cobblestone":6,"minecraft:lapis_ore":9,"minecraft:stone":1439,"minecraft:diorite":93},"minecraft:crafted":{"minecraft:crafting_table":2,"minecraft:stick":124,"minecraft:wooden_pickaxe":1,"minecraft:stone_pickaxe":1,"minecraft:wooden_axe":1,"minecraft:furnace":8,"minecraft:acacia_planks":664,"minecraft:torch":60,"minecraft:stone_axe":1,"onlyhammersandexcavators:stone_hammer":4},"minecraft:picked_up":{"minecraft:raw_iron":8,"minecraft:stick":20,"minecraft:feather":1,"minecraft:chicken":1,"minecraft:andesite":29,"minecraft:acacia_log":166,"minecraft:wooden_pickaxe":1,"minecraft:porkchop":10,"minecraft:diorite":69,"minecraft:lapis_lazuli":61,"minecraft:dirt":50,"minecraft:string":1,"minecraft:raw_copper":8,"electrodynamics:guidebook":1,"minecraft:rotten_flesh":2,"minecraft:stone_axe":1,"minecraft:wheat_seeds":8,"minecraft:stone_pickaxe":1,"minecraft:granite":35,"minecraft:gray_wool":1,"minecraft:mutton":5,"minecraft:acacia_sapling":41,"minecraft:coal":35,"minecraft:white_wool":2,"minecraft:cobblestone":1362},"minecraft:dropped":{"minecraft:dirt":47,"minecraft:torch":30,"electrodynamics:guidebook":1,"minecraft:cobblestone":14,"minecraft:wooden_pickaxe":2,"minecraft:acacia_planks":64},"minecraft:broken":{"minecraft:stone_pickaxe":1,"minecraft:wooden_axe":1,"onlyhammersandexcavators:stone_hammer":2,"minecraft:stone_axe":1}},"DataVersion":3465}