{"stats":{"minecraft:used":{"minecraft:wooden_axe":71,"minecraft:dirt":1,"minecraft:crafting_table":2,"minecraft:wooden_pickaxe":3},"minecraft:picked_up":{"minecraft:stick":7,"minecraft:acacia_log":67,"minecraft:acacia_sapling":22,"minecraft:dirt":26,"minecraft:cobblestone":3},"minecraft:crafted":{"minecraft:acacia_planks":268,"minecraft:crafting_table":2,"minecraft:stick":4,"minecraft:stone_pickaxe":1,"minecraft:wooden_pickaxe":1,"minecraft:wooden_axe":1},"minecraft:broken":{"minecraft:wooden_axe":1},"minecraft:custom":{"minecraft:time_since_rest":36710,"minecraft:crouch_one_cm":357,"minecraft:sprint_one_cm":15202,"minecraft:play_time":36710,"minecraft:walk_one_cm":26255,"minecraft:sneak_time":71,"minecraft:jump":97,"minecraft:leave_game":5,"minecraft:walk_on_water_one_cm":343,"minecraft:time_since_death":36710,"minecraft:total_world_time":36710,"minecraft:interact_with_crafting_table":4,"minecraft:fall_one_cm":2626,"minecraft:fly_one_cm":23972},"minecraft:mined":{"minecraft:grass":8,"minecraft:acacia_log":68,"minecraft:grass_block":2,"minecraft:acacia_leaves":1,"minecraft:dirt":25,"minecraft:stone":3}},"DataVersion":3465}