{"stats":{"minecraft:picked_up":{"minecraft:birch_log":6,"minecraft:feather":3,"minecraft:chicken":2,"minecraft:andesite":36,"minecraft:wooden_pickaxe":1,"minecraft:oak_log":89,"minecraft:brewing_stand":1,"minecraft:dirt":78,"minecraft:lapis_lazuli":87,"minecraft:string":3,"minecraft:red_bed":1,"minecraft:raw_copper":18,"minecraft:wheat_seeds":28,"minecraft:cobbled_deepslate":230,"minecraft:beef":3,"minecraft:stone_pickaxe":1,"minecraft:melon_slice":48,"minecraft:acacia_sapling":61,"minecraft:egg":2,"minecraft:stick":50,"minecraft:raw_iron":32,"minecraft:acacia_log":277,"minecraft:porkchop":11,"minecraft:diorite":254,"minecraft:orange_bed":1,"electrodynamics:guidebook":1,"minecraft:rotten_flesh":4,"minecraft:stone_axe":2,"minecraft:granite":116,"minecraft:gray_wool":1,"onlyhammersandexcavators:stone_hammer":2,"minecraft:oak_sapling":18,"minecraft:mutton":8,"minecraft:coal":69,"minecraft:white_wool":4,"minecraft:cobblestone":3204},"minecraft:used":{"minecraft:stone_pickaxe":233,"minecraft:chest":8,"minecraft:wooden_pickaxe":9,"minecraft:iron_sword":9,"minecraft:torch":11,"minecraft:dirt":13,"minecraft:crafting_table":2,"minecraft:granite":3,"minecraft:wooden_axe":71,"minecraft:acacia_door":1,"minecraft:iron_axe":259,"minecraft:iron_pickaxe":9,"onlyhammersandexcavators:stone_hammer":4442,"minecraft:stone_axe":171,"minecraft:cobblestone":147,"minecraft:furnace":4,"minecraft:cooked_porkchop":7,"onlyhammersandexcavators:iron_hammer":1},"minecraft:custom":{"minecraft:interact_with_furnace":31,"minecraft:mob_kills":16,"minecraft:interact_with_crafting_table":20,"minecraft:leave_game":9,"minecraft:time_since_death":132055,"minecraft:time_since_rest":132055,"minecraft:sprint_one_cm":81586,"minecraft:damage_taken":580,"minecraft:walk_one_cm":287782,"minecraft:drop":17,"minecraft:damage_dealt":1647,"minecraft:talked_to_villager":3,"minecraft:fly_one_cm":93185,"minecraft:open_chest":46,"minecraft:crouch_one_cm":1314,"minecraft:play_time":132055,"minecraft:sneak_time":254,"minecraft:walk_under_water_one_cm":2279,"minecraft:jump":662,"minecraft:walk_on_water_one_cm":8296,"minecraft:total_world_time":132055,"minecraft:fall_one_cm":10976},"minecraft:killed":{"minecraft:pig":5,"minecraft:spider":2,"minecraft:sheep":5,"minecraft:zombie":1,"minecraft:chicken":2,"minecraft:cow":1},"minecraft:broken":{"minecraft:stone_pickaxe":1,"onlyhammersandexcavators:stone_hammer":6,"minecraft:stone_axe":1,"minecraft:wooden_axe":1},"minecraft:dropped":{"minecraft:stone_axe":1,"electrodynamics:guidebook":1,"onlyhammersandexcavators:stone_hammer":4,"minecraft:cooked_porkchop":3,"minecraft:feather":1,"minecraft:cobblestone":14,"minecraft:rotten_flesh":2,"minecraft:dirt":47,"minecraft:torch":30,"minecraft:wooden_pickaxe":2,"minecraft:acacia_planks":64},"minecraft:crafted":{"minecraft:cooked_porkchop":10,"minecraft:crafting_table":2,"onlyhammersandexcavators:iron_hammer":1,"minecraft:wooden_pickaxe":1,"minecraft:cooked_chicken":1,"minecraft:iron_sword":1,"minecraft:furnace":8,"minecraft:stone_axe":1,"minecraft:cooked_mutton":5,"minecraft:air":0,"minecraft:iron_axe":1,"minecraft:stick":124,"minecraft:iron_ingot":32,"minecraft:iron_pickaxe":1,"minecraft:stone_pickaxe":1,"minecraft:wooden_axe":1,"minecraft:iron_block":2,"minecraft:chest":8,"minecraft:acacia_door":3,"minecraft:acacia_planks":664,"minecraft:torch":60,"onlyhammersandexcavators:stone_hammer":10},"minecraft:mined":{"minecraft:acacia_leaves":1,"minecraft:red_bed":1,"minecraft:melon_stem":2,"minecraft:brewing_stand":1,"minecraft:granite":116,"minecraft:acacia_log":285,"minecraft:grass_block":16,"minecraft:melon":11,"minecraft:tall_grass":7,"minecraft:copper_ore":5,"minecraft:cobblestone":16,"minecraft:lapis_ore":13,"minecraft:diorite":266,"minecraft:wheat":20,"minecraft:birch_log":6,"minecraft:iron_ore":32,"minecraft:andesite":38,"minecraft:grass":68,"minecraft:oak_log":89,"minecraft:coal_ore":73,"minecraft:dirt":63,"minecraft:stone":3398,"minecraft:oak_leaves":3,"minecraft:deepslate":248,"minecraft:orange_bed":1}},"DataVersion":3465}