{"stats":{"minecraft:mined":{"minecraft:acacia_leaves":1,"minecraft:granite":46,"minecraft:acacia_log":172,"minecraft:grass_block":10,"minecraft:tall_grass":5,"minecraft:copper_ore":2,"minecraft:cobblestone":8,"minecraft:lapis_ore":9,"minecraft:diorite":142,"minecraft:iron_ore":8,"minecraft:andesite":38,"minecraft:grass":54,"minecraft:coal_ore":73,"minecraft:dirt":48,"minecraft:stone":1746},"minecraft:custom":{"minecraft:interact_with_furnace":16,"minecraft:mob_kills":10,"minecraft:interact_with_crafting_table":12,"minecraft:leave_game":9,"minecraft:time_since_death":78712,"minecraft:time_since_rest":78712,"minecraft:sprint_one_cm":35444,"minecraft:damage_taken":165,"minecraft:walk_one_cm":138979,"minecraft:drop":9,"minecraft:damage_dealt":1087,"minecraft:talked_to_villager":2,"minecraft:fly_one_cm":47803,"minecraft:open_chest":13,"minecraft:crouch_one_cm":1089,"minecraft:play_time":78712,"minecraft:sneak_time":196,"minecraft:walk_under_water_one_cm":735,"minecraft:jump":316,"minecraft:walk_on_water_one_cm":6609,"minecraft:total_world_time":78712,"minecraft:fall_one_cm":4000},"minecraft:dropped":{"electrodynamics:guidebook":1,"minecraft:feather":1,"minecraft:cobblestone":14,"minecraft:rotten_flesh":2,"minecraft:dirt":47,"minecraft:torch":30,"minecraft:wooden_pickaxe":2,"minecraft:acacia_planks":64},"minecraft:used":{"minecraft:stone_pickaxe":233,"minecraft:wooden_pickaxe":9,"minecraft:torch":11,"minecraft:dirt":3,"minecraft:crafting_table":2,"minecraft:wooden_axe":71,"minecraft:acacia_door":1,"onlyhammersandexcavators:stone_hammer":2060,"minecraft:stone_axe":171,"minecraft:cobblestone":97,"minecraft:furnace":4,"minecraft:cooked_porkchop":2},"minecraft:broken":{"minecraft:stone_pickaxe":1,"onlyhammersandexcavators:stone_hammer":3,"minecraft:stone_axe":1,"minecraft:wooden_axe":1},"minecraft:picked_up":{"minecraft:feather":2,"minecraft:chicken":1,"minecraft:andesite":36,"minecraft:wooden_pickaxe":1,"minecraft:dirt":50,"minecraft:lapis_lazuli":61,"minecraft:string":1,"minecraft:raw_copper":8,"minecraft:wheat_seeds":9,"minecraft:stone_pickaxe":1,"minecraft:acacia_sapling":41,"minecraft:stick":20,"minecraft:raw_iron":8,"minecraft:acacia_log":166,"minecraft:porkchop":10,"minecraft:diorite":130,"electrodynamics:guidebook":1,"minecraft:rotten_flesh":4,"minecraft:stone_axe":1,"minecraft:granite":45,"minecraft:gray_wool":1,"minecraft:mutton":5,"minecraft:coal":69,"minecraft:white_wool":2,"minecraft:cobblestone":1665},"minecraft:crafted":{"minecraft:cooked_porkchop":10,"minecraft:crafting_table":2,"minecraft:wooden_pickaxe":1,"minecraft:cooked_chicken":1,"minecraft:furnace":8,"minecraft:stone_axe":1,"minecraft:cooked_mutton":5,"minecraft:air":0,"minecraft:stick":124,"minecraft:iron_ingot":8,"minecraft:stone_pickaxe":1,"minecraft:wooden_axe":1,"minecraft:acacia_door":3,"minecraft:acacia_planks":664,"minecraft:torch":60,"onlyhammersandexcavators:stone_hammer":4},"minecraft:killed":{"minecraft:pig":4,"minecraft:spider":1,"minecraft:sheep":3,"minecraft:zombie":1,"minecraft:chicken":1}},"DataVersion":3465}