{"stats":{"minecraft:used":{"minecraft:wooden_axe":71,"minecraft:stone_pickaxe":185,"minecraft:wooden_pickaxe":9,"minecraft:torch":5,"minecraft:stone_axe":102,"minecraft:dirt":3,"minecraft:cobblestone":8,"minecraft:crafting_table":2},"minecraft:picked_up":{"minecraft:stick":17,"minecraft:andesite":25,"minecraft:acacia_log":124,"minecraft:wooden_pickaxe":1,"minecraft:porkchop":3,"minecraft:diorite":5,"minecraft:dirt":49,"minecraft:string":1,"electrodynamics:guidebook":1,"minecraft:rotten_flesh":1,"minecraft:stone_axe":1,"minecraft:wheat_seeds":3,"minecraft:stone_pickaxe":1,"minecraft:granite":5,"minecraft:acacia_sapling":29,"minecraft:coal":15,"minecraft:cobblestone":112},"minecraft:crafted":{"minecraft:crafting_table":2,"minecraft:stick":124,"minecraft:wooden_pickaxe":1,"minecraft:stone_pickaxe":1,"minecraft:wooden_axe":1,"minecraft:acacia_planks":496,"minecraft:torch":60,"minecraft:stone_axe":1},"minecraft:broken":{"minecraft:stone_pickaxe":1,"minecraft:wooden_axe":1},"minecraft:custom":{"minecraft:time_since_rest":62299,"minecraft:sprint_one_cm":32628,"minecraft:damage_taken":135,"minecraft:walk_one_cm":65953,"minecraft:mob_kills":3,"minecraft:drop":6,"minecraft:damage_dealt":507,"minecraft:interact_with_crafting_table":8,"minecraft:talked_to_villager":1,"minecraft:fly_one_cm":47803,"minecraft:crouch_one_cm":851,"minecraft:play_time":62299,"minecraft:sneak_time":143,"minecraft:jump":236,"minecraft:leave_game":6,"minecraft:time_since_death":62299,"minecraft:walk_on_water_one_cm":414,"minecraft:total_world_time":62299,"minecraft:fall_one_cm":4000},"minecraft:killed":{"minecraft:zombie":1,"minecraft:pig":1,"minecraft:spider":1},"minecraft:mined":{"minecraft:acacia_leaves":1,"minecraft:andesite":29,"minecraft:granite":6,"minecraft:grass":25,"minecraft:acacia_log":130,"minecraft:grass_block":10,"minecraft:coal_ore":15,"minecraft:dirt":48,"minecraft:tall_grass":4,"minecraft:cobblestone":3,"minecraft:stone":117,"minecraft:diorite":5},"minecraft:dropped":{"minecraft:torch":30,"electrodynamics:guidebook":1,"minecraft:cobblestone":14,"minecraft:wooden_pickaxe":2,"minecraft:acacia_planks":64}},"DataVersion":3465}