{"stats":{"minecraft:picked_up":{"minecraft:birch_log":6,"minecraft:feather":3,"minecraft:chicken":2,"minecraft:andesite":36,"minecraft:wooden_pickaxe":1,"minecraft:oak_log":89,"minecraft:dirt":62,"minecraft:lapis_lazuli":87,"minecraft:string":1,"minecraft:raw_copper":18,"minecraft:wheat_seeds":11,"minecraft:cobbled_deepslate":230,"minecraft:beef":3,"minecraft:stone_pickaxe":1,"minecraft:acacia_sapling":60,"minecraft:egg":1,"minecraft:stick":50,"minecraft:raw_iron":32,"minecraft:acacia_log":277,"minecraft:porkchop":11,"minecraft:diorite":254,"electrodynamics:guidebook":1,"minecraft:rotten_flesh":4,"minecraft:stone_axe":2,"minecraft:granite":115,"minecraft:gray_wool":1,"minecraft:oak_sapling":18,"minecraft:mutton":7,"minecraft:coal":69,"minecraft:white_wool":3,"minecraft:cobblestone":2826},"minecraft:used":{"minecraft:stone_pickaxe":233,"minecraft:chest":2,"minecraft:wooden_pickaxe":9,"minecraft:torch":11,"minecraft:dirt":4,"minecraft:crafting_table":2,"minecraft:granite":3,"minecraft:wooden_axe":71,"minecraft:acacia_door":1,"minecraft:iron_axe":259,"minecraft:iron_pickaxe":1,"onlyhammersandexcavators:stone_hammer":3914,"minecraft:stone_axe":171,"minecraft:cobblestone":99,"minecraft:furnace":4,"minecraft:cooked_porkchop":2},"minecraft:custom":{"minecraft:interact_with_furnace":31,"minecraft:mob_kills":14,"minecraft:interact_with_crafting_table":20,"minecraft:leave_game":9,"minecraft:time_since_death":108055,"minecraft:time_since_rest":108055,"minecraft:sprint_one_cm":54964,"minecraft:damage_taken":265,"minecraft:walk_one_cm":221424,"minecraft:drop":10,"minecraft:damage_dealt":1422,"minecraft:talked_to_villager":2,"minecraft:fly_one_cm":65432,"minecraft:open_chest":36,"minecraft:crouch_one_cm":1198,"minecraft:play_time":108055,"minecraft:sneak_time":212,"minecraft:walk_under_water_one_cm":821,"minecraft:jump":471,"minecraft:walk_on_water_one_cm":8130,"minecraft:total_world_time":108055,"minecraft:fall_one_cm":6521},"minecraft:killed":{"minecraft:pig":5,"minecraft:spider":1,"minecraft:sheep":4,"minecraft:zombie":1,"minecraft:chicken":2,"minecraft:cow":1},"minecraft:broken":{"minecraft:stone_pickaxe":1,"onlyhammersandexcavators:stone_hammer":6,"minecraft:stone_axe":1,"minecraft:wooden_axe":1},"minecraft:dropped":{"minecraft:stone_axe":1,"electrodynamics:guidebook":1,"minecraft:feather":1,"minecraft:cobblestone":14,"minecraft:rotten_flesh":2,"minecraft:dirt":47,"minecraft:torch":30,"minecraft:wooden_pickaxe":2,"minecraft:acacia_planks":64},"minecraft:crafted":{"minecraft:cooked_porkchop":10,"minecraft:crafting_table":2,"onlyhammersandexcavators:iron_hammer":1,"minecraft:wooden_pickaxe":1,"minecraft:cooked_chicken":1,"minecraft:iron_sword":1,"minecraft:furnace":8,"minecraft:stone_axe":1,"minecraft:cooked_mutton":5,"minecraft:air":0,"minecraft:iron_axe":1,"minecraft:stick":124,"minecraft:iron_ingot":32,"minecraft:iron_pickaxe":1,"minecraft:stone_pickaxe":1,"minecraft:wooden_axe":1,"minecraft:iron_block":2,"minecraft:chest":8,"minecraft:acacia_door":3,"minecraft:acacia_planks":664,"minecraft:torch":60,"onlyhammersandexcavators:stone_hammer":10},"minecraft:mined":{"minecraft:acacia_leaves":1,"minecraft:granite":116,"minecraft:acacia_log":285,"minecraft:grass_block":13,"minecraft:tall_grass":7,"minecraft:copper_ore":5,"minecraft:cobblestone":8,"minecraft:lapis_ore":13,"minecraft:diorite":266,"minecraft:birch_log":6,"minecraft:iron_ore":32,"minecraft:andesite":38,"minecraft:grass":65,"minecraft:oak_log":89,"minecraft:coal_ore":73,"minecraft:dirt":57,"minecraft:stone":2928,"minecraft:oak_leaves":2,"minecraft:deepslate":248}},"DataVersion":3465}