{"stats":{"minecraft:used":{"minecraft:wooden_axe":71,"minecraft:crafting_table":1},"minecraft:picked_up":{"minecraft:stick":7,"minecraft:acacia_log":67,"minecraft:acacia_sapling":22,"minecraft:dirt":1},"minecraft:crafted":{"minecraft:acacia_planks":268,"minecraft:crafting_table":1,"minecraft:stick":4,"minecraft:wooden_axe":1},"minecraft:broken":{"minecraft:wooden_axe":1},"minecraft:custom":{"minecraft:time_since_rest":24710,"minecraft:crouch_one_cm":357,"minecraft:sprint_one_cm":8759,"minecraft:play_time":24710,"minecraft:walk_one_cm":18920,"minecraft:sneak_time":71,"minecraft:jump":54,"minecraft:leave_game":5,"minecraft:walk_on_water_one_cm":343,"minecraft:time_since_death":24710,"minecraft:total_world_time":24710,"minecraft:interact_with_crafting_table":2,"minecraft:fall_one_cm":1372,"minecraft:fly_one_cm":11202},"minecraft:mined":{"minecraft:grass":8,"minecraft:acacia_log":68,"minecraft:grass_block":1,"minecraft:acacia_leaves":1}},"DataVersion":3465}