{"stats":{"minecraft:picked_up":{"electrodynamics:guidebook":1,"minecraft:cooked_porkchop":3,"minecraft:rotten_flesh":1,"minecraft:torch":3,"minecraft:stone_pickaxe":1,"onlyhammersandexcavators:stone_hammer":4,"minecraft:stick":1,"minecraft:dirt":15,"minecraft:cobblestone":289,"minecraft:raw_copper":28},"minecraft:used":{"minecraft:rotten_flesh":1,"minecraft:stone_axe":1,"minecraft:torch":2,"minecraft:dirt":4,"minecraft:cobblestone":40,"minecraft:cooked_porkchop":2,"onlyhammersandexcavators:stone_hammer":169},"minecraft:custom":{"minecraft:open_chest":7,"minecraft:time_since_rest":6131,"minecraft:crouch_one_cm":4642,"minecraft:play_time":11357,"minecraft:sprint_one_cm":10788,"minecraft:walk_one_cm":25632,"minecraft:damage_taken":480,"minecraft:deaths":1,"minecraft:sneak_time":1280,"minecraft:mob_kills":1,"minecraft:jump":144,"minecraft:damage_dealt":195,"minecraft:time_since_death":6110,"minecraft:total_world_time":11357,"minecraft:interact_with_crafting_table":4,"minecraft:fall_one_cm":6849,"minecraft:fly_one_cm":21652},"minecraft:killed":{"minecraft:zombie":1},"minecraft:crafted":{"minecraft:oak_planks":52,"minecraft:stone_axe":1,"minecraft:stick":12,"minecraft:stone_pickaxe":4},"minecraft:mined":{"minecraft:grass":2,"minecraft:grass_block":3,"minecraft:dirt":13,"minecraft:copper_ore":8,"minecraft:stone":143,"minecraft:acacia_leaves":1,"minecraft:wall_torch":1}},"DataVersion":3465}