{"stats":{"minecraft:picked_up":{"minecraft:birch_log":14,"minecraft:stick":12,"minecraft:crafting_table":2,"minecraft:cooked_porkchop":3,"minecraft:torch":4,"minecraft:acacia_log":34,"minecraft:porkchop":5,"additional_lights:fire_for_standing_torch_s":2,"minecraft:oak_log":10,"minecraft:acacia_door":1,"minecraft:dirt":53,"minecraft:raw_copper":44,"electrodynamics:guidebook":1,"minecraft:rotten_flesh":1,"minecraft:apple":1,"minecraft:wheat_seeds":3,"minecraft:granite":20,"minecraft:stone_pickaxe":1,"onlyhammersandexcavators:stone_hammer":4,"minecraft:oak_sapling":5,"minecraft:coal":13,"minecraft:birch_sapling":4,"minecraft:acacia_sapling":19,"minecraft:cobblestone":784},"minecraft:used":{"minecraft:acacia_door":2,"minecraft:stone_pickaxe":14,"minecraft:chest":5,"onlyhammersandexcavators:stone_hammer":763,"minecraft:rotten_flesh":1,"minecraft:stone_axe":83,"minecraft:torch":6,"minecraft:dirt":4,"minecraft:cobblestone":195,"additional_lights:fire_for_standing_torch_s":3,"minecraft:crafting_table":3,"minecraft:cooked_porkchop":3},"minecraft:custom":{"minecraft:time_since_rest":18131,"minecraft:sprint_one_cm":27249,"minecraft:damage_taken":480,"minecraft:walk_one_cm":75270,"minecraft:mob_kills":3,"minecraft:drop":1,"minecraft:damage_dealt":394,"minecraft:interact_with_crafting_table":9,"minecraft:fly_one_cm":39880,"minecraft:open_chest":13,"minecraft:crouch_one_cm":6808,"minecraft:play_time":23357,"minecraft:deaths":1,"minecraft:sneak_time":1661,"minecraft:jump":247,"minecraft:time_since_death":18110,"minecraft:total_world_time":23357,"minecraft:fall_one_cm":9808},"minecraft:killed":{"minecraft:zombie":1,"minecraft:pig":2},"minecraft:broken":{"onlyhammersandexcavators:stone_hammer":1},"minecraft:dropped":{"electrodynamics:guidebook":1},"minecraft:crafted":{"minecraft:oak_planks":52,"minecraft:crafting_table":1,"minecraft:stick":20,"minecraft:acacia_door":3,"minecraft:stone_pickaxe":4,"minecraft:chest":5,"additional_lights:fire_for_standing_torch_s":1,"minecraft:acacia_planks":136,"minecraft:torch":32,"minecraft:stone_axe":1},"minecraft:mined":{"minecraft:acacia_leaves":2,"additional_lights:fire_for_standing_torch_s":1,"minecraft:birch_log":14,"minecraft:granite":20,"minecraft:coal_ore":13,"minecraft:crafting_table":2,"minecraft:grass":19,"minecraft:acacia_log":34,"minecraft:oak_log":10,"minecraft:grass_block":34,"minecraft:acacia_door":1,"minecraft:dirt":20,"minecraft:cobblestone":28,"minecraft:copper_ore":12,"minecraft:stone":615,"minecraft:wall_torch":2}},"DataVersion":3465}